<?xml version="1.0" encoding="UTF-8"?>
<beans xmlns="http://www.springframework.org/schema/beans"
	xmlns:xsi="http://www.w3.org/2001/XMLSchema-instance"
	xmlns:context="http://www.springframework.org/schema/context"
	xsi:schemaLocation="http://www.springframework.org/schema/beans
http://www.springframework.org/schema/beans/spring-beans.xsd
http://www.springframework.org/schema/context

http://www.springframework.org/schema/context/spring-context.xsd">
	<bean id="student" class="com.spring.beans.Student">
		<property name="name" value="Anas" />
		<property name="roll" value="33" />
		<property name="address" value="" />
	</bean>
	<bean id="child" parent="student">
		<property name="address" value="shsheen bagh"/>
	</bean>
</beans>