<?xml version="1.0" encoding="UTF-8"?>
<beans xmlns="http://www.springframework.org/schema/beans"
	xmlns:xsi="http://www.w3.org/2001/XMLSchema-instance"
	xmlns:context="http://www.springframework.org/schema/context"
	xsi:schemaLocation="http://www.springframework.org/schema/beans
http://www.springframework.org/schema/beans/spring-beans.xsd
http://www.springframework.org/schema/context

http://www.springframework.org/schema/context/spring-context.xsd">
	<bean id="student1" class="com.anas.springFirstProject.Student">
		<constructor-arg>
			<value>10</value>
		</constructor-arg>
		<constructor-arg>
			<value>apple</value>
		</constructor-arg>
	</bean>
	<bean id="stufac"
		class="com.anas.springFirstProject.StudentUseFactoryMet"
		factory-method="getInstance">
		<constructor-arg name="name" value="Anas Ansari"></constructor-arg>
		<constructor-arg name="id" value="20166800"></constructor-arg>
	</bean>
	<bean id="stws"
		class="com.anas.springFirstProject.StudentfacWithOutStatic" />
	<bean id="studentwos"
		class="com.anas.springFirstProject.StudentfacWithOutStatic"
		factory-method="stws.createInstance">
		<constructor-arg value="Ansari" />
		<constructor-arg value="162312" />
	</bean>
</beans>