<?xml version="1.0" encoding="UTF-8"?>
<beans xmlns="http://www.springframework.org/schema/beans"
	xmlns:xsi="http://www.w3.org/2001/XMLSchema-instance"
	xmlns:context="http://www.springframework.org/schema/context"
	xsi:schemaLocation="http://www.springframework.org/schema/beans
http://www.springframework.org/schema/beans/spring-beans.xsd
http://www.springframework.org/schema/context

http://www.springframework.org/schema/context/spring-context.xsd">
	<bean id="student1" class="com.spring.beans.Student" autowire="constructor">
	</bean>

	<bean id="address1" class="com.spring.beans.Address">
		<constructor-arg name="id" value="10" />
	</bean>

	<bean id="address2" class="com.spring.beans.Address">
		<constructor-arg name="id" value="20" />
	</bean>
</beans>